year,month,borough,collision_count,3mo_collision_count,6mo_collision_count,12mo_collision_count,injured_count,3mo_injured_count,6mo_injured_count,12mo_injured_count,killed_count,3mo_killed_count,6mo_killed_count,12mo_killed_count
2012,1,Bronx,1805,1805.0,1805.0,1805.0,467,467.0,467.0,467.0,1,1.0,1.0,1.0
2012,2,Bronx,1728,1766.5,1766.5,1766.5,453,460.0,460.0,460.0,2,1.5,1.5,1.5
2012,3,Bronx,1974,1835.67,1835.67,1835.67,607,509.0,509.0,509.0,3,2.0,2.0,2.0
2012,4,Bronx,1982,1894.67,1872.25,1872.25,604,554.67,532.75,532.75,3,2.67,2.25,2.25
2012,5,Bronx,2048,2001.33,1907.4,1907.4,561,590.67,538.4,538.4,1,2.33,2.0,2.0
2012,6,Bronx,2064,2031.33,1933.5,1933.5,577,580.67,544.83,544.83,3,2.33,2.17,2.17
2012,7,Bronx,1865,1992.33,1943.5,1923.71,602,580.0,567.33,553.0,4,2.67,2.67,2.43
2012,8,Bronx,1880,1936.33,1968.83,1918.25,504,561.0,575.83,546.88,7,4.67,3.5,3.0
2012,9,Bronx,1766,1837.0,1934.17,1901.33,517,541.0,560.83,543.56,2,4.33,3.33,2.89
2012,10,Bronx,1910,1852.0,1922.17,1902.2,499,506.67,543.33,539.1,3,4.0,3.33,2.9
2012,11,Bronx,1671,1782.33,1859.33,1881.18,464,493.33,527.17,532.27,0,1.67,3.17,2.64
2012,12,Bronx,1803,1794.67,1815.83,1874.67,542,501.67,521.33,533.08,2,1.67,3.0,2.58
2013,1,Bronx,1713,1729.0,1790.5,1867.0,454,486.67,496.67,532.0,3,1.67,2.83,2.75
2013,2,Bronx,1743,1753.0,1767.67,1868.25,495,497.0,495.17,535.5,1,2.0,1.83,2.67
2013,3,Bronx,1940,1798.67,1796.67,1865.42,511,486.67,494.17,527.5,4,2.67,2.17,2.75
2013,4,Bronx,1823,1835.33,1782.17,1852.17,513,506.33,496.5,519.92,2,2.33,2.0,2.67
2013,5,Bronx,2077,1946.67,1849.83,1854.58,569,531.0,514.0,520.58,2,2.67,2.33,2.75
2013,6,Bronx,1985,1961.67,1880.17,1848.0,594,558.67,522.67,522.0,4,2.67,2.67,2.83
2013,7,Bronx,2026,2029.33,1932.33,1861.42,644,602.33,554.33,525.5,2,2.67,2.5,2.67
2013,8,Bronx,1889,1966.67,1956.67,1862.17,552,596.67,563.83,529.5,3,3.0,2.83,2.33
2013,9,Bronx,1974,1963.0,1962.33,1879.5,631,609.0,583.83,539.0,2,2.33,2.5,2.33
2013,10,Bronx,1872,1911.67,1970.5,1876.33,562,581.67,592.0,544.25,4,3.0,2.83,2.42
2013,11,Bronx,1920,1922.0,1944.33,1897.08,575,589.33,593.0,553.5,5,3.67,3.33,2.83
2013,12,Bronx,1931,1907.67,1935.33,1907.75,498,545.0,577.0,549.83,3,4.0,3.17,2.92
2014,1,Bronx,1910,1920.33,1916.0,1924.17,503,525.33,553.5,553.92,1,3.0,3.0,2.75
2014,2,Bronx,1978,1939.67,1930.83,1943.75,363,454.67,522.0,542.92,0,1.33,2.5,2.67
2014,3,Bronx,2778,2222.0,2064.83,2013.58,522,462.67,503.83,543.83,2,1.0,2.5,2.5
2014,4,Bronx,2740,2498.67,2209.5,2090.0,479,454.67,490.0,541.0,2,1.33,2.17,2.5
2014,5,Bronx,2912,2810.0,2374.83,2159.58,663,554.67,504.67,548.83,1,1.67,1.5,2.42
2014,6,Bronx,3043,2898.33,2560.17,2247.75,751,631.0,546.83,561.92,2,1.67,1.33,2.25
2014,7,Bronx,2795,2916.67,2707.67,2311.83,621,678.33,566.5,560.0,1,1.33,1.33,2.17
2014,8,Bronx,2821,2886.33,2848.17,2389.5,536,636.0,595.33,558.67,1,1.33,1.5,2.0
2014,9,Bronx,2966,2860.67,2879.5,2472.17,623,593.33,612.17,558.0,5,2.33,2.0,2.25
2014,10,Bronx,2913,2900.0,2908.33,2558.92,612,590.33,634.33,562.17,3,3.0,2.17,2.17
2014,11,Bronx,2781,2886.67,2886.5,2630.67,551,595.33,615.67,560.17,2,3.33,2.33,1.92
2014,12,Bronx,3027,2907.0,2883.83,2722.0,524,562.33,577.83,562.33,1,2.0,2.17,1.75
2015,1,Bronx,2797,2868.33,2884.17,2795.92,452,509.0,549.67,558.08,3,2.0,2.5,1.92
2015,2,Bronx,2564,2796.0,2841.33,2844.75,350,442.0,518.67,557.0,2,2.0,2.67,2.08
2015,3,Bronx,3172,2844.33,2875.67,2877.58,448,416.67,489.5,550.83,2,2.33,2.17,2.08
2015,4,Bronx,2754,2830.0,2849.17,2878.75,491,429.67,469.33,551.83,3,2.33,2.17,2.17
2015,5,Bronx,3108,3011.33,2903.67,2895.08,582,507.0,474.5,545.08,4,3.0,2.5,2.42
2015,6,Bronx,3704,3188.67,3016.5,2950.17,599,557.33,487.0,532.42,3,3.33,2.83,2.5
2015,7,Bronx,3169,3327.0,3078.5,2981.33,582,587.67,508.67,529.17,1,2.67,2.5,2.5
2015,8,Bronx,3278,3383.67,3197.5,3019.42,643,608.0,557.5,538.08,1,1.67,2.33,2.5
2015,9,Bronx,3349,3265.33,3227.0,3051.33,617,614.0,585.67,537.58,5,2.33,2.83,2.5
2015,10,Bronx,3761,3462.67,3394.83,3122.0,659,639.67,613.67,541.5,8,4.67,3.67,2.92
2015,11,Bronx,3182,3430.67,3407.17,3155.42,555,610.33,609.17,541.83,1,4.67,3.17,2.83
2015,12,Bronx,3408,3450.33,3357.83,3187.17,578,597.33,605.67,546.33,2,3.67,3.0,2.92
2016,1,Bronx,3152,3247.33,3355.0,3216.75,452,528.33,584.0,546.33,4,2.33,3.5,3.0
2016,2,Bronx,3013,3191.0,3310.83,3254.17,530,520.0,565.17,561.33,2,2.67,3.67,3.0
2016,3,Bronx,2691,2952.0,3201.17,3214.08,534,505.33,551.33,568.5,3,3.0,3.33,3.08
2016,4,Bronx,2646,2783.33,3015.33,3205.08,578,547.33,537.83,575.75,2,2.33,2.33,3.0
2016,5,Bronx,3046,2794.33,2992.67,3199.92,621,577.67,548.83,579.0,2,2.33,2.5,2.83
2016,6,Bronx,2262,2651.33,2801.67,3079.75,516,571.67,538.5,572.08,2,2.0,2.5,2.75
2016,7,Bronx,2407,2571.67,2677.5,3016.25,549,562.0,554.67,569.33,2,2.0,2.17,2.83
2016,8,Bronx,2195,2288.0,2541.17,2926.0,516,527.0,552.33,558.75,3,2.33,2.33,3.0
2016,9,Bronx,2082,2228.0,2439.67,2820.42,487,517.33,544.5,547.92,0,1.67,1.83,2.58
2016,10,Bronx,2341,2206.0,2388.83,2702.08,487,496.67,529.33,533.58,3,2.0,2.0,2.17
2012,1,Brooklyn,3963,3963.0,3963.0,3963.0,1151,1151.0,1151.0,1151.0,7,7.0,7.0,7.0
2012,2,Brooklyn,3613,3788.0,3788.0,3788.0,976,1063.5,1063.5,1063.5,3,5.0,5.0,5.0
2012,3,Brooklyn,4108,3894.67,3894.67,3894.67,1215,1114.0,1114.0,1114.0,4,4.67,4.67,4.67
2012,4,Brooklyn,4095,3938.67,3944.75,3944.75,1230,1140.33,1143.0,1143.0,6,4.33,5.0,5.0
2012,5,Brooklyn,4433,4212.0,4042.4,4042.4,1302,1249.0,1174.8,1174.8,9,6.33,5.8,5.8
2012,6,Brooklyn,4452,4326.67,4110.67,4110.67,1279,1270.33,1192.17,1192.17,4,6.33,5.5,5.5
2012,7,Brooklyn,4101,4328.67,4133.67,4109.29,1280,1287.0,1213.67,1204.71,4,5.67,5.0,5.29
2012,8,Brooklyn,4198,4250.33,4231.17,4120.38,1226,1261.67,1255.33,1207.38,6,4.67,5.5,5.38
2012,9,Brooklyn,4050,4116.33,4221.5,4112.56,1264,1256.67,1263.5,1213.67,6,5.33,5.83,5.44
2012,10,Brooklyn,4123,4123.67,4226.17,4113.6,1223,1237.67,1262.33,1214.6,3,5.0,5.33,5.2
2012,11,Brooklyn,4018,4063.67,4157.0,4104.91,990,1159.0,1210.33,1194.18,5,4.67,4.67,5.18
2012,12,Brooklyn,4314,4151.67,4134.0,4122.33,1243,1152.0,1204.33,1198.25,5,4.33,4.83,5.17
2013,1,Brooklyn,3868,4066.67,4095.17,4114.42,1077,1103.33,1170.5,1192.08,8,6.0,5.5,5.25
2013,2,Brooklyn,3573,3918.33,3991.0,4111.08,901,1073.67,1116.33,1185.83,3,5.33,5.0,5.25
2013,3,Brooklyn,3937,3792.67,3972.17,4096.83,1073,1017.0,1084.5,1174.0,8,6.33,5.33,5.58
2013,4,Brooklyn,4087,3865.67,3966.17,4096.17,1225,1066.33,1084.83,1173.58,6,5.67,5.83,5.58
2013,5,Brooklyn,4526,4183.33,4050.83,4103.92,1352,1216.67,1145.17,1177.75,3,5.67,5.5,5.08
2013,6,Brooklyn,4548,4387.0,4089.83,4111.92,1390,1322.33,1169.67,1187.0,5,4.67,5.5,5.17
2013,7,Brooklyn,4293,4455.67,4160.67,4127.92,1409,1383.67,1225.0,1197.75,6,4.67,5.17,5.33
2013,8,Brooklyn,4152,4331.0,4257.17,4124.08,1368,1389.0,1302.83,1209.58,9,6.67,6.17,5.58
2013,9,Brooklyn,4080,4175.0,4281.0,4126.58,1354,1377.0,1349.67,1217.08,4,6.33,5.5,5.42
2013,10,Brooklyn,4313,4181.67,4318.67,4142.42,1313,1345.0,1364.33,1224.58,8,7.0,5.83,5.83
2013,11,Brooklyn,4330,4241.0,4286.0,4168.42,1260,1309.0,1349.0,1247.08,4,5.33,6.0,5.75
2013,12,Brooklyn,4300,4314.33,4244.67,4167.25,1165,1246.0,1311.5,1240.58,5,5.67,6.0,5.75
2014,1,Brooklyn,4172,4267.33,4224.5,4192.58,1003,1142.67,1243.83,1234.42,4,4.33,5.67,5.42
2014,2,Brooklyn,3822,4098.0,4169.5,4213.33,772,980.0,1144.5,1223.67,5,4.67,5.0,5.58
2014,3,Brooklyn,6177,4723.67,4519.0,4400.0,1154,976.33,1111.17,1230.42,7,5.33,5.5,5.5
2014,4,Brooklyn,6282,5427.0,4847.17,4582.92,1215,1047.0,1094.83,1229.58,7,6.33,5.33,5.58
2014,5,Brooklyn,7224,6561.0,5329.5,4807.75,1252,1207.0,1093.5,1221.25,11,8.33,6.5,6.25
2014,6,Brooklyn,7079,6861.67,5792.67,5018.67,1494,1320.33,1148.33,1229.92,5,7.67,6.5,6.25
2014,7,Brooklyn,6764,7022.33,6224.67,5224.58,1334,1360.0,1203.5,1223.67,8,8.0,7.17,6.42
2014,8,Brooklyn,6549,6797.33,6679.17,5424.33,1334,1387.33,1297.17,1220.83,4,5.67,7.0,6.0
2014,9,Brooklyn,7253,6855.33,6858.5,5688.75,1394,1354.0,1337.17,1224.17,4,5.33,6.5,6.0
2014,10,Brooklyn,7226,7009.33,7015.83,5931.5,1419,1382.33,1371.17,1233.0,4,4.0,6.0,5.67
2014,11,Brooklyn,6605,7028.0,6912.67,6121.08,1226,1346.33,1366.83,1230.17,7,5.0,5.33,5.92
2014,12,Brooklyn,6790,6873.67,6864.5,6328.58,1243,1296.0,1325.0,1236.67,5,5.33,5.33,5.92
2015,1,Brooklyn,6027,6474.0,6741.67,6483.17,1000,1156.33,1269.33,1236.42,2,4.67,4.33,5.75
2015,2,Brooklyn,6042,6286.33,6657.17,6668.17,856,1033.0,1189.67,1243.42,5,4.0,4.5,5.75
2015,3,Brooklyn,7094,6387.67,6630.67,6744.58,1019,958.33,1127.17,1232.17,3,3.33,4.33,5.42
2015,4,Brooklyn,6135,6423.67,6448.83,6732.33,1129,1001.33,1078.83,1225.0,4,4.0,4.33,5.17
2015,5,Brooklyn,7643,6957.33,6621.83,6767.25,1380,1176.0,1104.5,1235.67,9,5.33,4.67,5.0
2015,6,Brooklyn,7703,7160.33,6774.0,6819.25,1373,1294.0,1126.17,1225.58,6,6.33,4.83,5.08
2015,7,Brooklyn,7309,7551.67,6987.67,6864.67,1389,1380.67,1191.0,1230.17,5,6.67,5.33,4.83
2015,8,Brooklyn,7412,7474.67,7216.0,6936.58,1350,1370.67,1273.33,1231.5,7,6.0,5.67,5.08
2015,9,Brooklyn,7141,7287.33,7223.83,6927.25,1353,1364.0,1329.0,1228.08,3,5.0,5.67,5.0
2015,10,Brooklyn,7851,7468.0,7509.83,6979.33,1342,1348.33,1364.5,1221.67,6,5.33,6.0,5.17
2015,11,Brooklyn,7089,7360.33,7417.5,7019.67,1340,1345.0,1357.83,1231.17,11,6.67,6.33,5.5
2015,12,Brooklyn,7369,7436.33,7361.83,7067.92,1298,1326.67,1345.33,1235.75,8,8.33,6.67,5.75
2016,1,Brooklyn,7208,7222.0,7345.0,7166.33,1085,1241.0,1294.67,1242.83,3,7.33,6.33,5.83
2016,2,Brooklyn,6534,7037.0,7198.67,7207.33,1047,1143.33,1244.17,1258.75,4,5.0,5.83,5.75
2016,3,Brooklyn,5823,6521.67,6979.0,7101.42,1179,1103.67,1215.17,1272.08,0,2.33,5.33,5.5
2016,4,Brooklyn,5213,5856.67,6539.33,7024.58,1238,1154.67,1197.83,1281.17,3,2.33,4.83,5.42
2016,5,Brooklyn,5691,5575.67,6306.33,6861.92,1237,1218.0,1180.67,1269.25,4,2.33,3.67,5.0
2016,6,Brooklyn,4713,5205.67,5863.67,6612.75,1102,1192.33,1148.0,1246.67,4,3.67,3.0,4.83
2016,7,Brooklyn,4172,4858.67,5357.67,6351.33,1079,1139.33,1147.0,1220.83,0,2.67,2.5,4.42
2016,8,Brooklyn,3499,4128.0,4851.83,6025.25,903,1028.0,1123.0,1183.58,3,2.33,2.33,4.08
2016,9,Brooklyn,3771,3814.0,4509.83,5744.42,937,973.0,1082.67,1148.92,1,1.33,2.5,3.92
2016,10,Brooklyn,3844,3704.67,4281.67,5410.5,844,894.67,1017.0,1107.42,0,1.33,2.0,3.42
2012,1,Manhattan,3076,3076.0,3076.0,3076.0,543,543.0,543.0,543.0,2,2.0,2.0,2.0
2012,2,Manhattan,2980,3028.0,3028.0,3028.0,541,542.0,542.0,542.0,2,2.0,2.0,2.0
2012,3,Manhattan,3279,3111.67,3111.67,3111.67,602,562.0,562.0,562.0,1,1.67,1.67,1.67
2012,4,Manhattan,3394,3217.67,3182.25,3182.25,615,586.0,575.25,575.25,4,2.33,2.25,2.25
2012,5,Manhattan,3843,3505.33,3314.4,3314.4,625,614.0,585.2,585.2,6,3.67,3.0,3.0
2012,6,Manhattan,3850,3695.67,3403.67,3403.67,599,613.0,587.5,587.5,1,3.67,2.67,2.67
2012,7,Manhattan,3702,3798.33,3508.0,3446.29,649,624.33,605.17,596.29,3,3.33,2.83,2.71
2012,8,Manhattan,3621,3724.33,3614.83,3468.13,619,622.33,618.17,599.13,3,2.33,3.0,2.75
2012,9,Manhattan,3583,3635.33,3665.5,3480.89,664,644.0,628.5,606.33,6,4.0,3.83,3.11
2012,10,Manhattan,3561,3588.33,3693.33,3488.9,585,622.67,623.5,604.2,2,3.67,3.5,3.0
2012,11,Manhattan,3104,3416.0,3570.17,3453.91,553,600.67,611.5,599.55,3,3.67,3.0,3.0
2012,12,Manhattan,3453,3372.67,3504.0,3453.83,566,568.0,606.0,596.75,2,2.33,3.17,2.92
2013,1,Manhattan,3081,3212.67,3400.5,3454.25,502,540.33,581.5,593.33,4,3.0,3.33,3.08
2013,2,Manhattan,2916,3150.0,3283.0,3448.92,499,522.33,561.5,589.83,5,3.67,3.67,3.33
2013,3,Manhattan,3343,3113.33,3243.0,3454.25,540,513.67,540.83,584.67,2,3.67,3.0,3.42
2013,4,Manhattan,3435,3231.33,3222.0,3457.67,580,539.67,540.0,581.75,2,3.0,3.0,3.25
2013,5,Manhattan,3921,3566.33,3358.17,3464.17,614,578.0,550.17,580.83,0,1.33,2.5,2.75
2013,6,Manhattan,3826,3727.33,3420.33,3462.17,671,621.67,567.67,586.83,3,1.67,2.67,2.92
2013,7,Manhattan,3676,3807.67,3519.5,3460.0,660,648.33,594.0,587.75,3,2.0,2.5,2.92
2013,8,Manhattan,3630,3710.67,3638.5,3460.75,651,660.67,619.33,590.42,4,3.33,2.33,3.0
2013,9,Manhattan,3657,3654.33,3690.83,3466.92,673,661.33,641.5,591.17,0,2.33,2.0,2.5
2013,10,Manhattan,3799,3695.33,3751.5,3486.75,627,650.33,649.33,594.67,1,1.67,1.83,2.42
2013,11,Manhattan,3718,3724.67,3717.67,3537.92,604,634.67,647.67,598.92,6,2.33,2.83,2.67
2013,12,Manhattan,3549,3688.67,3671.5,3545.92,523,584.67,623.0,595.33,2,3.0,2.67,2.67
2014,1,Manhattan,3199,3488.67,3592.0,3555.75,536,554.33,602.33,598.17,5,4.33,3.0,2.75
2014,2,Manhattan,2975,3241.0,3482.83,3560.67,452,503.67,569.17,594.25,0,2.33,2.33,2.33
2014,3,Manhattan,6239,4137.67,3913.17,3802.0,524,504.0,544.33,592.92,3,2.67,2.83,2.42
2014,4,Manhattan,6882,5365.33,4427.0,4089.25,614,530.0,542.17,595.75,2,1.67,3.0,2.42
2014,5,Manhattan,8711,7277.33,5259.17,4488.42,611,583.0,543.33,595.5,2,2.33,2.33,2.58
2014,6,Manhattan,8117,7903.33,6020.5,4846.0,674,633.0,568.5,595.75,1,1.67,2.17,2.42
2014,7,Manhattan,7343,8057.0,6711.17,5151.58,648,644.33,587.17,594.75,4,2.33,2.0,2.5
2014,8,Manhattan,7305,7588.33,7432.83,5457.83,632,651.33,617.17,593.17,3,2.67,2.5,2.42
2014,9,Manhattan,7171,7273.0,7588.17,5750.67,530,603.33,618.17,581.25,5,4.0,2.83,2.83
2014,10,Manhattan,7839,7438.33,7747.67,6087.33,659,607.0,625.67,583.92,3,3.67,3.0,3.0
2014,11,Manhattan,7262,7424.0,7506.17,6382.67,556,581.67,616.5,579.92,3,3.67,3.17,2.75
2014,12,Manhattan,7432,7511.0,7392.0,6706.25,566,593.67,598.5,583.5,2,2.67,3.33,2.75
2015,1,Manhattan,5228,6640.67,7039.5,6875.33,426,516.0,561.5,574.33,2,2.33,3.0,2.5
2015,2,Manhattan,5406,6022.0,6723.0,7077.92,440,477.33,529.5,573.33,2,2.0,2.83,2.67
2015,3,Manhattan,6258,5630.67,6570.83,7079.5,501,455.67,524.67,571.42,0,1.33,2.0,2.42
2015,4,Manhattan,7104,6256.0,6448.33,7098.0,524,488.33,502.17,563.92,1,1.0,1.67,2.33
2015,5,Manhattan,8089,7150.33,6586.17,7046.17,612,545.67,511.5,564.0,6,2.33,2.17,2.67
2015,6,Manhattan,8165,7786.0,6708.33,7050.17,618,584.67,520.17,559.33,3,3.33,2.33,2.83
2015,7,Manhattan,8531,8261.67,7258.83,7149.17,621,617.0,552.67,557.08,1,3.33,2.17,2.58
2015,8,Manhattan,7678,8124.67,7637.5,7180.25,605,614.67,580.17,554.83,2,2.0,2.17,2.5
2015,9,Manhattan,7166,7791.67,7788.83,7179.83,558,594.67,589.67,557.17,0,1.0,2.17,2.08
2015,10,Manhattan,8580,7808.0,8034.83,7241.58,653,605.33,611.17,556.67,0,0.67,2.0,1.83
2015,11,Manhattan,7022,7589.33,7857.0,7221.58,541,584.0,599.33,555.42,3,1.0,1.5,1.83
2015,12,Manhattan,7505,7702.33,7747.0,7227.67,620,604.67,599.67,559.92,1,1.33,1.17,1.75
2016,1,Manhattan,5827,6784.67,7296.33,7277.58,493,551.33,578.33,565.5,3,2.33,1.5,1.83
2016,2,Manhattan,6516,6616.0,7102.67,7370.08,504,539.0,561.5,570.83,4,2.67,1.83,2.0
2016,3,Manhattan,5792,6045.0,6873.67,7331.25,598,531.67,568.17,578.92,3,3.33,2.33,2.25
2016,4,Manhattan,5582,5963.33,6374.0,7204.42,608,570.0,560.67,585.92,0,2.33,2.33,2.17
2016,5,Manhattan,6288,5887.33,6251.67,7054.33,581,595.67,567.33,583.33,2,1.67,2.17,1.83
2016,6,Manhattan,4864,5578.0,5811.5,6779.25,488,559.0,545.33,572.5,6,2.67,3.0,2.08
2016,7,Manhattan,4145,5099.0,5531.17,6413.75,418,495.67,532.83,555.58,2,3.33,2.83,2.17
2016,8,Manhattan,3498,4169.0,5028.17,6065.42,389,431.67,513.67,537.58,1,3.0,2.33,2.08
2016,9,Manhattan,2976,3539.67,4558.83,5716.25,332,379.67,469.33,518.75,3,2.0,2.33,2.33
2016,10,Manhattan,3661,3378.33,4238.67,5306.33,405,375.33,435.5,498.08,6,3.33,3.33,2.83
2012,1,NYC,13166,13166.0,13166.0,13166.0,3194,3194.0,3194.0,3194.0,13,13.0,13.0,13.0
2012,2,NYC,12194,12680.0,12680.0,12680.0,2971,3082.5,3082.5,3082.5,12,12.5,12.5,12.5
2012,3,NYC,13888,13082.67,13082.67,13082.67,3508,3224.33,3224.33,3224.33,13,12.67,12.67,12.67
2012,4,NYC,13839,13307.0,13271.75,13271.75,3569,3349.33,3310.5,3310.5,17,14.0,13.75,13.75
2012,5,NYC,15115,14280.67,13640.4,13640.4,3752,3609.67,3398.8,3398.8,24,18.0,15.8,15.8
2012,6,NYC,15214,14722.67,13902.67,13902.67,3739,3686.67,3455.5,3455.5,17,19.33,16.0,16.0
2012,7,NYC,14142,14823.67,14065.33,13936.86,3674,3721.67,3535.5,3486.71,15,18.67,16.33,15.86
2012,8,NYC,14205,14520.33,14400.5,13970.38,3565,3659.33,3634.5,3496.5,19,17.0,17.5,16.25
2012,9,NYC,13819,14055.33,14389.0,13953.56,3609,3616.0,3651.33,3509.0,20,18.0,18.67,16.67
2012,10,NYC,14152,14058.67,14441.17,13973.4,3510,3561.33,3641.5,3509.1,16,18.33,18.5,16.6
2012,11,NYC,13332,13767.67,14144.0,13915.09,3117,3412.0,3535.67,3473.45,13,16.33,16.67,16.27
2012,12,NYC,14345,13943.0,13999.17,13950.92,3572,3399.67,3507.83,3481.67,20,16.33,17.17,16.58
2013,1,NYC,13092,13589.67,13824.17,13944.75,3077,3255.33,3408.33,3471.92,22,18.33,18.33,17.33
2013,2,NYC,12174,13203.67,13485.67,13943.08,2713,3120.67,3266.33,3450.42,17,19.67,18.0,17.75
2013,3,NYC,13848,13038.0,13490.5,13939.75,3220,3003.33,3201.5,3426.42,18,19.0,17.67,18.17
2013,4,NYC,13809,13277.0,13433.33,13937.25,3399,3110.67,3183.0,3412.25,11,15.33,16.83,17.67
2013,5,NYC,15583,14413.33,13808.5,13976.25,3818,3479.0,3299.83,3417.75,10,13.0,16.33,16.5
2013,6,NYC,15177,14856.33,13947.17,13973.17,3900,3705.67,3354.5,3431.17,14,11.67,15.33,16.25
2013,7,NYC,14721,15160.33,14218.67,14021.42,3972,3896.67,3503.67,3456.0,19,14.33,14.83,16.58
2013,8,NYC,14085,14661.0,14537.17,14011.42,3777,3883.0,3681.0,3473.67,26,19.67,16.33,17.17
2013,9,NYC,14416,14407.33,14631.83,14061.17,3906,3885.0,3795.33,3498.42,20,21.67,16.67,17.17
2013,10,NYC,15062,14521.0,14840.67,14137.0,3755,3812.67,3854.67,3518.83,18,21.33,17.83,17.33
2013,11,NYC,15083,14853.67,14757.33,14282.92,3592,3751.0,3817.0,3558.42,21,19.67,19.67,18.0
2013,12,NYC,14851,14998.67,14703.0,14325.08,3330,3559.0,3722.0,3538.25,22,20.33,21.0,18.17
2014,1,NYC,14200,14711.33,14616.17,14417.42,3038,3320.0,3566.33,3535.0,15,19.33,20.33,17.58
2014,2,NYC,13595,14215.33,14534.5,14535.83,2396,2921.33,3336.17,3508.58,7,14.67,17.17,16.75
2014,3,NYC,21704,16499.67,15749.17,15190.5,3256,2896.67,3227.83,3511.58,16,12.67,16.5,16.58
2014,4,NYC,22411,19236.67,16974.0,15907.33,3386,3012.67,3166.33,3510.5,19,14.0,16.67,17.25
2014,5,NYC,26209,23441.33,18828.33,16792.83,3809,3483.67,3202.5,3509.75,19,18.0,16.33,18.0
2014,6,NYC,25867,24829.0,20664.33,17683.67,4218,3804.33,3350.5,3536.25,16,18.0,15.33,18.17
2014,7,NYC,24139,25405.0,22320.83,18468.5,3868,3965.0,3488.83,3527.58,25,20.0,17.0,18.67
2014,8,NYC,23324,24443.33,23942.33,19238.42,3684,3923.33,3703.5,3519.83,14,18.33,18.17,17.67
2014,9,NYC,24528,23997.0,24413.0,20081.08,3731,3761.0,3782.67,3505.25,20,19.67,18.83,17.67
2014,10,NYC,25660,24504.0,24954.5,20964.25,4049,3821.33,3893.17,3529.75,14,16.0,18.0,17.33
2014,11,NYC,23608,24598.67,24521.0,21674.67,3583,3787.67,3855.5,3529.0,18,17.33,17.83,17.08
2014,12,NYC,24642,24636.67,24316.83,22490.58,3520,3717.33,3739.17,3544.83,12,14.67,17.17,16.25
2015,1,NYC,20918,23056.0,23780.0,23050.42,2901,3334.67,3578.0,3533.42,12,14.0,15.0,16.0
2015,2,NYC,20060,21873.33,23236.0,23589.17,2533,2984.67,3386.17,3544.83,14,12.67,15.0,16.58
2015,3,NYC,23544,21507.33,23072.0,23742.5,3027,2820.33,3268.83,3525.75,7,11.0,12.83,15.83
2015,4,NYC,22029,21877.67,22466.83,23710.67,3176,2912.0,3123.33,3508.25,17,12.67,13.33,15.67
2015,5,NYC,26503,24025.33,22949.33,23735.17,3963,3388.67,3186.67,3521.08,26,16.67,14.67,16.25
2015,6,NYC,27290,25274.0,23390.67,23853.75,4022,3720.33,3270.33,3504.75,17,20.0,15.5,16.33
2015,7,NYC,26491,26761.33,24319.5,24049.75,3945,3976.67,3444.33,3511.17,16,19.67,16.17,15.58
2015,8,NYC,25528,26436.33,25230.83,24233.42,3908,3958.33,3673.5,3529.83,18,17.0,16.83,15.92
2015,9,NYC,25003,25674.0,25474.0,24273.0,3779,3877.33,3798.83,3533.83,11,15.0,17.5,15.17
2015,10,NYC,28219,26250.0,26505.67,24486.25,4036,3907.67,3942.17,3532.75,24,17.67,18.67,16.0
2015,11,NYC,24474,25898.67,26167.5,24558.42,3658,3824.33,3891.33,3539.0,22,19.0,18.0,16.33
2015,12,NYC,26184,26292.33,25983.17,24686.92,3778,3824.0,3850.67,3560.5,19,21.67,18.33,16.92
2016,1,NYC,23651,24769.67,25509.83,24914.67,3029,3488.33,3698.0,3571.17,13,18.0,17.83,17.0
2016,2,NYC,22437,24090.67,24994.67,25112.75,3136,3314.33,3569.33,3621.42,14,15.33,17.17,17.0
2016,3,NYC,20155,22081.0,24186.67,24830.33,3517,3227.33,3525.67,3662.25,8,11.67,16.67,17.08
2016,4,NYC,18647,20413.0,22591.33,24548.5,3623,3425.33,3456.83,3699.5,11,11.0,14.5,16.58
2016,5,NYC,20544,19782.0,21936.33,24051.92,3767,3635.67,3475.0,3683.17,12,10.33,12.83,15.42
2016,6,NYC,16997,18729.33,20405.17,23194.17,3329,3573.0,3400.17,3625.42,,11.5,11.6,15.27
2012,1,Queens,3527,3527.0,3527.0,3527.0,849,849.0,849.0,849.0,2,2.0,2.0,2.0
2012,2,Queens,3151,3339.0,3339.0,3339.0,817,833.0,833.0,833.0,4,3.0,3.0,3.0
2012,3,Queens,3700,3459.33,3459.33,3459.33,913,859.67,859.67,859.67,4,3.33,3.33,3.33
2012,4,Queens,3551,3467.33,3482.25,3482.25,895,875.0,868.5,868.5,3,3.67,3.25,3.25
2012,5,Queens,3852,3701.0,3556.2,3556.2,1026,944.67,900.0,900.0,8,5.0,4.2,4.2
2012,6,Queens,3989,3797.33,3628.33,3628.33,1040,987.0,923.33,923.33,8,6.33,4.83,4.83
2012,7,Queens,3727,3856.0,3661.67,3642.43,973,1013.0,944.0,930.43,3,6.33,5.0,4.57
2012,8,Queens,3691,3802.33,3751.67,3648.5,1029,1014.0,979.33,942.75,1,4.0,4.5,4.13
2012,9,Queens,3621,3679.67,3738.5,3645.44,965,989.0,988.0,945.22,6,3.33,4.83,4.33
2012,10,Queens,3695,3669.0,3762.5,3650.4,978,990.67,1001.83,948.5,6,4.33,5.33,4.5
2012,11,Queens,3725,3680.33,3741.33,3657.18,906,949.67,981.83,944.64,3,5.0,4.5,4.36
2012,12,Queens,3898,3772.67,3726.17,3677.25,990,958.0,973.5,948.42,8,5.67,4.5,4.67
2013,1,Queens,3630,3751.0,3710.0,3685.83,861,919.0,954.83,949.42,7,6.0,5.17,5.08
2013,2,Queens,3208,3578.67,3629.5,3690.58,672,841.0,895.33,937.33,7,7.33,6.17,5.33
2013,3,Queens,3785,3541.0,3656.83,3697.67,900,811.0,884.5,936.25,3,5.67,5.67,5.25
2013,4,Queens,3690,3561.0,3656.0,3709.25,862,811.33,865.17,933.5,1,3.67,4.83,5.08
2013,5,Queens,4124,3866.33,3722.5,3731.92,1079,947.0,894.0,937.92,5,3.0,5.17,4.83
2013,6,Queens,3901,3905.0,3723.0,3724.58,1014,985.0,898.0,935.75,1,2.33,4.0,4.25
2013,7,Queens,3987,4004.0,3782.5,3746.25,1032,1041.67,926.5,940.67,8,4.67,4.17,4.67
2013,8,Queens,3647,3845.0,3855.67,3742.58,1017,1021.0,984.0,939.67,9,6.0,4.5,5.33
2013,9,Queens,3891,3841.67,3873.33,3765.08,1050,1033.0,1009.0,946.75,14,10.33,6.33,6.0
2013,10,Queens,4212,3916.67,3960.33,3808.17,1029,1032.0,1036.83,951.0,4,9.0,6.83,5.83
2013,11,Queens,4240,4114.33,3979.67,3851.08,932,1003.67,1012.33,953.17,6,8.0,7.0,6.08
2013,12,Queens,4135,4195.67,4018.67,3870.83,961,974.0,1003.5,950.75,9,6.33,8.33,6.17
2014,1,Queens,4054,4143.0,4029.83,3906.17,820,904.33,968.17,947.33,2,5.67,7.33,5.75
2014,2,Queens,3957,4048.67,4081.5,3968.58,666,815.67,909.67,946.83,2,4.33,6.17,5.33
2014,3,Queens,5520,4510.33,4353.0,4113.17,891,792.33,883.17,946.08,4,2.67,4.5,5.42
2014,4,Queens,5590,5022.33,4582.67,4271.5,884,813.67,859.0,947.92,7,4.33,5.0,5.92
2014,5,Queens,6288,5799.33,4924.0,4451.83,1069,948.0,881.83,947.08,4,5.0,4.67,5.83
2014,6,Queens,6482,6120.0,5315.17,4666.92,1092,1015.0,903.67,953.58,6,5.67,4.17,6.25
2014,7,Queens,6203,6324.33,5673.33,4851.58,1077,1079.33,946.5,957.33,10,6.67,5.5,6.42
2014,8,Queens,5625,6103.33,5951.33,5016.42,975,1048.0,998.0,953.83,6,7.33,6.17,6.17
2014,9,Queens,6014,5947.33,6033.67,5193.33,969,1007.0,1011.0,947.08,6,7.33,6.5,5.5
2014,10,Queens,6557,6065.33,6194.83,5388.75,1144,1029.33,1054.33,956.67,4,5.33,6.0,5.5
2014,11,Queens,5902,6157.67,6130.5,5527.25,1034,1049.0,1048.5,965.17,5,5.0,6.17,5.42
2014,12,Queens,6319,6259.33,6103.33,5709.25,1000,1059.33,1033.17,968.42,3,4.0,5.67,4.92
2015,1,Queens,5817,6012.67,6039.0,5856.17,843,959.0,994.17,970.33,5,4.33,4.83,5.17
2015,2,Queens,5147,5761.0,5959.33,5955.33,690,844.33,946.67,972.33,4,4.0,4.5,5.33
2015,3,Queens,6004,5656.0,5957.67,5995.67,879,804.0,931.67,971.33,1,3.33,3.67,5.08
2015,4,Queens,5120,5423.67,5718.17,5956.5,853,807.33,883.17,968.75,8,4.33,4.33,5.17
2015,5,Queens,6421,5848.33,5804.67,5967.58,1153,961.67,903.0,975.75,5,4.67,4.33,5.25
2015,6,Queens,6722,6087.67,5871.83,5987.58,1247,1084.33,944.17,988.67,4,5.67,4.5,5.08
2015,7,Queens,6514,6552.33,5988.0,6013.5,1135,1178.33,992.83,993.5,7,5.33,4.83,4.83
2015,8,Queens,6216,6484.0,6166.17,6062.75,1094,1158.67,1060.17,1003.42,6,5.67,5.17,4.83
2015,9,Queens,6296,6342.0,6214.83,6086.25,1054,1094.33,1089.33,1010.5,1,4.67,5.17,4.42
2015,10,Queens,7019,6510.33,6531.33,6124.75,1203,1117.0,1147.67,1015.42,7,4.67,5.0,4.67
2015,11,Queens,6118,6477.67,6480.83,6142.75,1044,1100.33,1129.5,1016.25,6,4.67,5.17,4.75
2015,12,Queens,6701,6612.67,6477.33,6174.58,1071,1106.0,1100.17,1022.17,7,6.67,5.67,5.08
2016,1,Queens,6390,6403.0,6456.67,6222.33,874,996.33,1056.67,1024.75,1,4.67,4.67,4.75
2016,2,Queens,5407,6166.0,6321.83,6244.0,914,953.0,1026.67,1043.42,3,3.67,4.17,4.67
2016,3,Queens,4911,5569.33,6091.0,6152.92,1061,949.67,1027.83,1058.58,1,1.67,4.17,4.67
2016,4,Queens,4438,4918.67,5660.83,6096.08,1023,999.33,997.83,1072.75,5,3.0,3.83,4.42
2016,5,Queens,4600,4649.67,5407.83,5944.33,1109,1064.33,1008.67,1069.08,2,2.67,3.17,4.17
2016,6,Queens,4361,4466.33,5017.83,5747.58,1007,1046.33,998.0,1049.08,6,4.33,3.0,4.33
2016,7,Queens,3632,4197.67,4558.17,5507.42,926,1014.0,1006.67,1031.67,4,4.0,3.5,4.08
2016,8,Queens,3593,3862.0,4255.83,5288.83,873,935.33,999.83,1013.25,3,4.33,3.5,3.83
2016,9,Queens,3640,3621.67,4044.0,5067.5,936,911.67,979.0,1003.42,4,3.67,4.0,4.08
2016,10,Queens,4032,3755.0,3976.33,4818.58,873,894.0,954.0,975.92,2,3.0,3.5,3.67
2012,1,Staten Island,795,795.0,795.0,795.0,184,184.0,184.0,184.0,1,1.0,1.0,1.0
2012,2,Staten Island,722,758.5,758.5,758.5,184,184.0,184.0,184.0,1,1.0,1.0,1.0
2012,3,Staten Island,827,781.33,781.33,781.33,171,179.67,179.67,179.67,1,1.0,1.0,1.0
2012,4,Staten Island,817,788.67,790.25,790.25,225,193.33,191.0,191.0,1,1.0,1.0,1.0
2012,5,Staten Island,939,861.0,820.0,820.0,238,211.33,200.4,200.4,0,0.67,0.8,0.8
2012,6,Staten Island,859,871.67,826.5,826.5,244,235.67,207.67,207.67,1,0.67,0.83,0.83
2012,7,Staten Island,747,848.33,818.5,815.14,170,217.33,205.33,202.29,1,0.67,0.83,0.86
2012,8,Staten Island,815,807.0,834.0,815.13,187,200.33,205.83,200.38,2,1.33,1.0,1.0
2012,9,Staten Island,799,787.0,829.33,813.33,199,185.33,210.5,200.22,0,1.0,0.83,0.89
2012,10,Staten Island,863,825.67,837.0,818.3,225,203.67,210.5,202.7,2,1.33,1.0,1.0
2012,11,Staten Island,814,825.33,816.17,817.91,204,209.33,204.83,202.82,2,1.33,1.33,1.09
2012,12,Staten Island,877,851.33,819.17,822.83,231,220.0,202.67,205.17,3,2.33,1.67,1.25
2013,1,Staten Island,800,830.33,828.0,823.25,183,206.0,204.83,205.08,0,1.67,1.5,1.17
2013,2,Staten Island,734,803.67,814.5,824.25,146,186.67,198.0,201.92,1,1.33,1.33,1.17
2013,3,Staten Island,843,792.33,821.83,825.58,196,175.0,197.5,204.0,1,0.67,1.5,1.17
2013,4,Staten Island,774,783.67,807.0,822.0,219,187.0,196.5,203.5,0,0.67,1.17,1.08
2013,5,Staten Island,935,850.67,827.17,821.67,204,206.33,196.5,200.67,0,0.33,0.83,1.08
2013,6,Staten Island,917,875.33,833.83,826.5,231,218.0,196.5,199.58,1,0.33,0.5,1.08
2013,7,Staten Island,739,863.67,823.67,825.83,227,220.67,203.83,204.33,0,0.33,0.5,1.0
2013,8,Staten Island,767,807.67,829.17,821.83,189,215.67,211.0,204.5,1,0.67,0.5,0.92
2013,9,Staten Island,814,773.33,824.33,823.08,198,204.67,211.33,204.42,0,0.33,0.33,0.92
2013,10,Staten Island,866,815.67,839.67,823.33,224,203.67,212.17,204.33,1,0.67,0.5,0.83
2013,11,Staten Island,875,851.67,829.67,828.42,221,214.33,215.0,205.75,0,0.33,0.5,0.67
2013,12,Staten Island,936,892.33,832.83,833.33,183,209.33,207.0,201.75,3,1.33,0.83,0.67
2014,1,Staten Island,865,892.0,853.83,838.75,176,193.33,198.5,201.17,3,2.0,1.33,0.92
2014,2,Staten Island,863,888.0,869.83,849.5,143,167.33,190.83,200.92,0,2.0,1.17,0.83
2014,3,Staten Island,990,906.0,899.17,861.75,165,161.33,185.33,198.33,0,1.0,1.17,0.75
2014,4,Staten Island,917,923.33,907.67,873.67,194,167.33,180.33,196.25,1,0.33,1.17,0.83
2014,5,Staten Island,1074,993.67,940.83,885.25,214,191.0,179.17,197.08,1,0.67,1.33,0.92
2014,6,Staten Island,1146,1045.67,975.83,904.33,207,205.0,183.17,195.08,2,1.33,1.17,1.0
2014,7,Staten Island,1034,1084.67,1004.0,928.92,188,203.0,185.17,191.83,2,1.67,1.0,1.17
2014,8,Staten Island,1024,1068.0,1030.83,950.33,207,200.67,195.83,193.33,0,1.33,1.0,1.08
2014,9,Staten Island,1124,1060.67,1053.17,976.17,215,203.33,204.17,194.75,0,0.67,1.0,1.08
2014,10,Staten Island,1125,1091.0,1087.83,997.75,215,212.33,207.67,194.0,0,0.0,0.83,1.0
2014,11,Staten Island,1058,1102.33,1085.17,1013.0,216,215.33,208.0,193.58,1,0.33,0.83,1.08
2014,12,Staten Island,1074,1085.67,1073.17,1024.5,187,206.0,204.67,193.92,1,0.67,0.67,0.92
2015,1,Staten Island,1049,1060.33,1075.67,1039.83,180,194.33,203.33,194.25,0,0.67,0.33,0.67
2015,2,Staten Island,901,1008.0,1055.17,1043.0,197,188.0,201.67,198.75,1,0.67,0.5,0.75
2015,3,Staten Island,1016,988.67,1037.17,1045.17,180,185.67,195.83,200.0,1,0.67,0.67,0.83
2015,4,Staten Island,916,944.33,1002.33,1045.08,179,185.33,189.83,198.75,1,1.0,0.83,0.83
2015,5,Staten Island,1242,1058.0,1033.0,1059.08,236,198.33,193.17,200.58,2,1.33,1.0,0.92
2015,6,Staten Island,996,1051.33,1020.0,1046.58,185,200.0,192.83,198.75,1,1.33,1.0,0.83
2015,7,Staten Island,968,1068.67,1006.5,1041.08,218,213.0,199.17,201.25,2,1.67,1.33,0.83
2015,8,Staten Island,944,969.33,1013.67,1034.42,216,206.33,202.33,202.0,2,1.67,1.5,1.0
2015,9,Staten Island,1051,987.67,1019.5,1028.33,197,210.33,205.17,200.5,2,2.0,1.67,1.17
2015,10,Staten Island,1008,1001.0,1034.83,1018.58,179,197.33,205.17,197.5,3,2.33,2.0,1.42
2015,11,Staten Island,1063,1040.67,1005.0,1019.0,178,184.67,195.5,194.33,1,2.0,1.83,1.42
2015,12,Staten Island,1201,1090.67,1039.17,1029.58,211,189.33,199.83,196.33,1,1.67,1.83,1.42
2016,1,Staten Island,1074,1112.67,1056.83,1031.67,125,171.33,184.33,191.75,2,1.33,1.83,1.58
2016,2,Staten Island,967,1080.67,1060.67,1037.17,141,159.0,171.83,187.08,1,1.33,1.67,1.58
2016,3,Staten Island,938,993.0,1041.83,1030.67,145,137.0,163.17,184.17,1,1.33,1.5,1.58
2016,4,Staten Island,768,891.0,1001.83,1018.33,176,154.0,162.67,183.92,1,1.0,1.17,1.58
2016,5,Staten Island,919,875.0,977.83,991.42,219,180.0,169.5,182.5,2,1.33,1.33,1.58
2016,6,Staten Island,797,828.0,910.5,974.83,216,203.67,170.33,185.08,3,2.0,1.67,1.75
2016,7,Staten Island,740,818.67,854.83,955.83,151,195.33,174.67,179.5,0,1.67,1.33,1.58
2016,8,Staten Island,565,700.67,787.83,924.25,130,165.67,172.83,172.33,1,1.33,1.33,1.5
2016,9,Staten Island,626,643.67,735.83,888.83,175,152.0,177.83,170.5,1,0.67,1.33,1.42
2016,10,Staten Island,723,638.0,728.33,865.08,154,153.0,174.17,168.42,1,1.0,1.33,1.25
